Nombre,precio
iPhone 12 Pro APPLE (6.1'' - 256 GB - Grafito),1279.00€
iPhone 12 Mini APPLE (5.4'' - 64 GB - Azul),809.99€
iPhone 12 Pro Max APPLE (6.7'' - 128 GB - Azul Pacífico),1259.00€
iPhone 11 APPLE (6.1'' - 128 GB - Negro),738.99€
iPhone 12 Mini APPLE (5.4'' - 128 GB - Verde),859.99€
iPhone 11 APPLE (6.1'' - 64 GB - Blanco),689.99€
iPhone 12 APPLE (6.1'' - 256 GB - Rojo),1079.00€
iPhone 11 APPLE (6.1'' - 128 GB - Blanco),739.99€
iPhone 11 APPLE (6.1'' - 128 GB - Verde),739.99€
iPhone 12 Pro Max APPLE (6.7'' - 512 GB - Oro),1609.00€
iPhone 11 Pro APPLE (5.8'' - 256 GB - Plata),1220.00€
iPhone 11 APPLE (6.1'' - 64 GB - Negro),659.99€
iPhone 11 APPLE (6.1'' - 64 GB - Violeta),672.99€
iPhone 11 Pro Max APPLE (6.5'' - 64 GB - Plata),1150.00€
iPhone 11 Pro APPLE (5.8'' - 256 GB - Gris espacial),1220.00€
iPhone 11 APPLE (6.1'' - 64 GB - Rojo),659.99€
iPhone 11 APPLE (6.1'' - 64 GB - Verde),689.99€
iPhone 11 Pro APPLE (5.8'' - 256 GB - Verde media noche),1220.00€
iPhone 11 Pro Max APPLE (6.5'' - 256 GB - Dorado),1320.00€
iPhone 11 APPLE (6.1'' - 256 GB - Verde),844.99€
iPhone 11 Pro Max APPLE (6.5'' - 512 GB - Plata),1550.00€
iPhone 11 Pro APPLE (5.8'' - 64 GB - Dorado),1050.00€
iPhone 11 Pro Max APPLE (6.5'' - 64 GB - Verde media noche),1111.00€
iPhone 11 Pro APPLE (5.8'' - 64 GB - Gris espacial),1004.00€
,.
,.
,.
,.
,.
,.
,.
,.
,.
,.
,.
,.
,.
,.
,.
,.
,.
,.
,.
,.
,.
,.
,.
,.
,.
,.
,.
,.
,.
,.
,.
,.
,.
,.
,.
,.
,.
,.
,.
,.
,.
,.
,.
,.
,.
,.
,.
,.
,.
,.
,.
,.
,.
,.
,.
,.
,.
,.
,.
,.
,.
,.
,.
,.
,.
,.
,.
,.
,.
,.
,.
,.
,.
,.
,.
,.
,.
,.
,.
,.
,.
,.
,.
,.
,.
,.
,.
,.
,.
,.
,.
,.
,.
,.
,.
,.
,.
,.
,.
,.
,.
,.
,.
,.
,.
,.
,.
,.
,.
